{
    "type": "APL",
    "version": "1.5",
    "import": [
    {
        "name": "alexa-layouts",
        "version": "1.2.0"
    }],
    "mainTemplate":
    {
        "parameters": [
            "headlineExampleData"
        ],
        "items": [
        {
            "type": "Container",
            "height": "100vh",
            "items": [
            {
                "type": "AlexaHeadline",
                "backgroundImageSource": "https://gigamike-alexa.s3.amazonaws.com/gigamike.jpg"
            }]
        }]
    }
}